CREATE TABLE pokemon (
    id integer PRIMARY KEY,
    name varchar(40)
);

CREATE TABLE type (
    id integer PRIMARY KEY,
    name varchar(20)
);

CREATE TABLE pokemon_type (
    pokemon_id integer,
    type_id integer
);

INSERT INTO pokemon VALUES
    (1, 'bulbasaur'),
    (2, 'ivysaur'),
    (3, 'venusaur'),
    (4, 'charmander'),
    (5, 'charmeleon'),
    (6, 'charizard'),
    (7, 'squirtle'),
    (8, 'wartortle'),
    (9, 'blastoise'),
    (10, 'caterpie'),
    (11, 'metapod'),
    (12, 'butterfree'),
    (13, 'weedle'),
    (14, 'kakuna'),
    (15, 'beedrill'),
    (16, 'pidgey'),
    (17, 'pidgeotto'),
    (18, 'pidgeot'),
    (19, 'rattata'),
    (20, 'raticate'),
    (21, 'spearow'),
    (22, 'fearow'),
    (23, 'ekans'),
    (24, 'arbok'),
    (25, 'pikachu'),
    (26, 'raichu'),
    (27, 'sandshrew'),
    (28, 'sandslash'),
    (29, 'nidoran-f'),
    (30, 'nidorina'),
    (31, 'nidoqueen'),
    (32, 'nidoran-m'),
    (33, 'nidorino'),
    (34, 'nidoking'),
    (35, 'clefairy'),
    (36, 'clefable'),
    (37, 'vulpix'),
    (38, 'ninetales'),
    (39, 'jigglypuff'),
    (40, 'wigglytuff'),
    (41, 'zubat'),
    (42, 'golbat'),
    (43, 'oddish'),
    (44, 'gloom'),
    (45, 'vileplume'),
    (46, 'paras'),
    (47, 'parasect'),
    (48, 'venonat'),
    (49, 'venomoth'),
    (50, 'diglett'),
    (51, 'dugtrio'),
    (52, 'meowth'),
    (53, 'persian'),
    (54, 'psyduck'),
    (55, 'golduck'),
    (56, 'mankey'),
    (57, 'primeape'),
    (58, 'growlithe'),
    (59, 'arcanine'),
    (60, 'poliwag'),
    (61, 'poliwhirl'),
    (62, 'poliwrath'),
    (63, 'abra'),
    (64, 'kadabra'),
    (65, 'alakazam'),
    (66, 'machop'),
    (67, 'machoke'),
    (68, 'machamp'),
    (69, 'bellsprout'),
    (70, 'weepinbell'),
    (71, 'victreebel'),
    (72, 'tentacool'),
    (73, 'tentacruel'),
    (74, 'geodude'),
    (75, 'graveler'),
    (76, 'golem'),
    (77, 'ponyta'),
    (78, 'rapidash'),
    (79, 'slowpoke'),
    (80, 'slowbro'),
    (81, 'magnemite'),
    (82, 'magneton'),
    (83, 'farfetchd'),
    (84, 'doduo'),
    (85, 'dodrio'),
    (86, 'seel'),
    (87, 'dewgong'),
    (88, 'grimer'),
    (89, 'muk'),
    (90, 'shellder'),
    (91, 'cloyster'),
    (92, 'gastly'),
    (93, 'haunter'),
    (94, 'gengar'),
    (95, 'onix'),
    (96, 'drowzee'),
    (97, 'hypno'),
    (98, 'krabby'),
    (99, 'kingler'),
    (100, 'voltorb'),
    (101, 'electrode'),
    (102, 'exeggcute'),
    (103, 'exeggutor'),
    (104, 'cubone'),
    (105, 'marowak'),
    (106, 'hitmonlee'),
    (107, 'hitmonchan'),
    (108, 'lickitung'),
    (109, 'koffing'),
    (110, 'weezing'),
    (111, 'rhyhorn'),
    (112, 'rhydon'),
    (113, 'chansey'),
    (114, 'tangela'),
    (115, 'kangaskhan'),
    (116, 'horsea'),
    (117, 'seadra'),
    (118, 'goldeen'),
    (119, 'seaking'),
    (120, 'staryu'),
    (121, 'starmie'),
    (122, 'mr-mime'),
    (123, 'scyther'),
    (124, 'jynx'),
    (125, 'electabuzz'),
    (126, 'magmar'),
    (127, 'pinsir'),
    (128, 'tauros'),
    (129, 'magikarp'),
    (130, 'gyarados'),
    (131, 'lapras'),
    (132, 'ditto'),
    (133, 'eevee'),
    (134, 'vaporeon'),
    (135, 'jolteon'),
    (136, 'flareon'),
    (137, 'porygon'),
    (138, 'omanyte'),
    (139, 'omastar'),
    (140, 'kabuto'),
    (141, 'kabutops'),
    (142, 'aerodactyl'),
    (143, 'snorlax'),
    (144, 'articuno'),
    (145, 'zapdos'),
    (146, 'moltres'),
    (147, 'dratini'),
    (148, 'dragonair'),
    (149, 'dragonite'),
    (150, 'mewtwo');

INSERT INTO type VALUES
    (1, 'bug'),
    (2, 'dragon'),
    (3, 'ice'),
    (4, 'fighting'),
    (5, 'fire'),
    (6, 'flying'),
    (7, 'grass'),
    (8, 'ghost'),
    (9, 'ground'),
    (10, 'electric'),
    (11, 'normal'),
    (12, 'poison'),
    (13, 'psychic'),
    (14, 'rock'),
    (15, 'water');

INSERT INTO pokemon_type VALUES
    (1, 7),
    (1, 12),
    (2, 7),
    (2, 12),
    (3, 7),
    (3, 12),
    (4, 5),
    (5, 5),
    (6, 5),
    (6, 6),
    (7, 15),
    (8, 15),
    (9, 15),
    (10, 1),
    (11, 1),
    (12, 1),
    (12, 6),
    (13, 1),
    (13, 12),
    (14, 1),
    (14, 12),
    (15, 1),
    (15, 12),
    (16, 11),
    (16, 6),
    (17, 11),
    (17, 6),
    (18, 11),
    (18, 6),
    (19, 11),
    (20, 11),
    (21, 11),
    (21, 6),
    (22, 11),
    (22, 6),
    (23, 12),
    (24, 12),
    (25, 10),
    (26, 10),
    (27, 9),
    (28, 9),
    (29, 12),
    (30, 12),
    (31, 12),
    (31, 9),
    (32, 12),
    (33, 12),
    (34, 12),
    (34, 9),
    (35, 11),
    (36, 11),
    (37, 5),
    (38, 5),
    (39, 11),
    (40, 11),
    (41, 12),
    (41, 6),
    (42, 12),
    (42, 6),
    (43, 7),
    (43, 12),
    (44, 7),
    (44, 12),
    (45, 7),
    (45, 12),
    (46, 1),
    (46, 7),
    (47, 1),
    (47, 7),
    (48, 1),
    (48, 12),
    (49, 1),
    (49, 12),
    (50, 9),
    (51, 9),
    (52, 11),
    (53, 11),
    (54, 15),
    (55, 15),
    (56, 4),
    (57, 4),
    (58, 5),
    (59, 5),
    (60, 15),
    (61, 15),
    (62, 15),
    (62, 4),
    (63, 13),
    (64, 13),
    (65, 13),
    (66, 4),
    (67, 4),
    (68, 4),
    (69, 7),
    (69, 12),
    (70, 7),
    (70, 12),
    (71, 7),
    (71, 12),
    (72, 15),
    (72, 12),
    (73, 15),
    (73, 12),
    (74, 14),
    (74, 9),
    (75, 14),
    (75, 9),
    (76, 14),
    (76, 9),
    (77, 5),
    (78, 5),
    (79, 15),
    (79, 13),
    (80, 15),
    (80, 13),
    (81, 10),
    (82, 10),
    (83, 11),
    (83, 6),
    (84, 11),
    (84, 6),
    (85, 11),
    (85, 6),
    (86, 15),
    (87, 15),
    (87, 3),
    (88, 12),
    (89, 12),
    (90, 15),
    (91, 15),
    (91, 3),
    (92, 8),
    (92, 12),
    (93, 8),
    (93, 12),
    (94, 8),
    (94, 12),
    (95, 14),
    (95, 9),
    (96, 13),
    (97, 13),
    (98, 15),
    (99, 15),
    (100, 10),
    (101, 10),
    (102, 7),
    (102, 13),
    (103, 7),
    (103, 13),
    (104, 9),
    (105, 9),
    (106, 4),
    (107, 4),
    (108, 11),
    (109, 12),
    (110, 12),
    (111, 9),
    (111, 14),
    (112, 9),
    (112, 14),
    (113, 11),
    (114, 7),
    (115, 11),
    (116, 15),
    (117, 15),
    (118, 15),
    (119, 15),
    (120, 15),
    (121, 15),
    (121, 13),
    (122, 13),
    (123, 1),
    (123, 6),
    (124, 3),
    (124, 13),
    (125, 10),
    (126, 5),
    (127, 1),
    (128, 11),
    (129, 15),
    (130, 15),
    (130, 6),
    (131, 15),
    (131, 3),
    (132, 11),
    (133, 11),
    (134, 15),
    (135, 10),
    (136, 5),
    (137, 11),
    (138, 14),
    (138, 15),
    (139, 14),
    (139, 15),
    (140, 14),
    (140, 15),
    (141, 14),
    (141, 15),
    (142, 14),
    (142, 6),
    (143, 11),
    (144, 3),
    (144, 6),
    (145, 10),
    (145, 6),
    (146, 5),
    (146, 6),
    (147, 2),
    (148, 2),
    (149, 2),
    (149, 6),
    (150, 13);
